-- phpMyAdmin SQL Dump
-- version 4.7.4
-- https://www.phpmyadmin.net/
--
-- Host: 127.0.0.1
-- Generation Time: 2018-10-08 09:12:28
-- 服务器版本： 10.1.28-MariaDB
-- PHP Version: 5.6.32

SET SQL_MODE = "NO_AUTO_VALUE_ON_ZERO";
SET AUTOCOMMIT = 0;
START TRANSACTION;
SET time_zone = "+00:00";


/*!40101 SET @OLD_CHARACTER_SET_CLIENT=@@CHARACTER_SET_CLIENT */;
/*!40101 SET @OLD_CHARACTER_SET_RESULTS=@@CHARACTER_SET_RESULTS */;
/*!40101 SET @OLD_COLLATION_CONNECTION=@@COLLATION_CONNECTION */;
/*!40101 SET NAMES utf8mb4 */;

--
-- Database: `kg`
--

-- --------------------------------------------------------

--
-- 表的结构 `kg_classify`
--

CREATE TABLE `kg_classify` (
  `yid` int(32) NOT NULL PRIMARY KEY,
  `ylistname` varchar(32) CHARACTER SET utf8 NOT NULL
) ENGINE=InnoDB DEFAULT CHARSET=utf8mb4;

--
-- 转存表中的数据 `kg_classify`
--

INSERT INTO `kg_classify` (`yid`, `ylistname`) VALUES
(1, '酷狗飙升榜'),
(2, '酷狗TOP500'),
(3, '网络红歌榜'),
(4, '华语新歌榜'),
(5, '古风金曲榜');

-- --------------------------------------------------------

--
-- 表的结构 `kg_country`
--

CREATE TABLE `kg_country` (
  `cid` int(32) NOT NULL PRIMARY KEY,
  `cname` varchar(32) NOT NULL
) ENGINE=InnoDB DEFAULT CHARSET=utf8;

--
-- 转存表中的数据 `kg_country`
--

INSERT INTO `kg_country` (`cid`, `cname`) VALUES
(1, '华语'),
(2, '欧美'),
(3, '韩国'),
(4, '日本');

-- --------------------------------------------------------

--
-- 表的结构 `kg_form`
--

CREATE TABLE `kg_form` (
  `fid` int(11) NOT NULL PRIMARY KEY,
  `ftitle` varchar(128) CHARACTER SET utf8 NOT NULL,
  `fhear` int(11) NOT NULL,
  `f_img` varchar(128) CHARACTER SET utf8 NOT NULL
) ENGINE=InnoDB DEFAULT CHARSET=utf8mb4;

--
-- 转存表中的数据 `kg_form`
--

INSERT INTO `kg_form` (`fid`, `ftitle`, `fhear`, `f_img`) VALUES
(1, '愿无岁月可回头', 521000, 'http://localhost:5000/img/index/300.jpg'),
(2, '喜欢你这件事', 612000, 'http://localhost:5000/img/index/301.jpg'),
(3, '\"长大\"这两个字，孤独的连偏旁都没有', 196000, 'http://localhost:5000/img/index/303.jpg'),
(4, '安静新民谣:上班族的减压良药', 233000, 'http://localhost:5000/img/index/304.jpg'),
(5, '睡前造梦 · 欧美致幻男嗓', 408000, 'http://localhost:5000/img/index/305.jpg');

-- --------------------------------------------------------

--
-- 表的结构 `kg_songlist`
--

CREATE TABLE `kg_songlist` (
  `lid` int(32) NOT NULL PRIMARY KEY,
  `lname` varchar(32) CHARACTER SET utf8 NOT NULL,
  `ltime` varchar(32) CHARACTER SET utf8 NOT NULL,
  `l_singer` varchar(32) CHARACTER SET utf8 NOT NULL,
  `classify_id` int(32) NOT NULL,
  `country_id` int(32) NOT NULL,
  `album` varchar(32) CHARACTER SET utf8 NOT NULL
) ENGINE=InnoDB DEFAULT CHARSET=utf8mb4;

--
-- 转存表中的数据 `kg_songlist`
--

INSERT INTO `kg_songlist` (`lid`, `lname`, `ltime`, `l_singer`, `classify_id`, `country_id`, `album`) VALUES
(1, '违背的青春', '04:25', '薛之谦', 4, 1, '《违背的青春》'),
(2, ' Sheep (Alan Walker Relift)', '03:20', '张艺兴、Alan Walker', 0, 1, '《 Sheep (Alan Walker Relift)》'),
(3, '不想想你', '05:21', '张杰', 0, 1, '《不想想你》'),
(4, '过敏(ALLERGY)', '03:15', 'ONER', 0, 1, '《过敏(ALLERGY)》'),
(5, ' 家人 (Live)', '04:24', '吴亦凡、那吾克热·玉素甫江、Blow Fever', 0, 1, '《 家人》'),
(6, '江湖叹(Live)', '05:05', '何炅、李维嘉、杨洋、魏大勋', 0, 1, '《江湖叹》'),
(7, ' 我不确定', '04:08', '胡彦斌', 0, 1, '《 我不确定》'),
(8, '给孩子的话 ', '03:55', '庞龙', 0, 1, '《给孩子的话 》'),
(9, '开学第一课 ', '06:01', '王鹤棣、官鸿、梁靖康、吴希泽', 0, 1, '《开学第一课 》'),
(10, ' I Am The Man ', '03:25', '周汤豪', 0, 1, '《 I Am The Man 》'),
(11, '千年之恋+黄金甲+将军 (Live)', '04:21', '宿涵、张神儿', 0, 1, ''),
(14, '性别(Live)', '03:59', '田燚', 0, 1, '《性别》'),
(15, '我很丑可是我很温柔(Live)', '03:55', '金志文', 0, 1, '《我很丑可是我很温柔》'),
(16, '无人知晓的我 (Live) ', '04:22', 'A-Lin', 0, 1, '《无人知晓的我》'),
(17, '你不是我的 ', '05:21', '陈势安', 0, 1, '《你不是我的 》'),
(18, '愿意为你去冒险', '03:55', '摩登兄弟', 0, 0, '《愿意为你去冒险》'),
(19, '偷不走的现在', '04:25', '于文文', 0, 0, '《偷不走的现在》'),
(20, '午夜的列车', '05:04', '南征北战NZBZ', 0, 0, '《午夜的列车》'),
(21, '每分每秒', '04:04', '曲肖冰、陈程', 0, 0, '《每分每秒》'),
(22, '如果不爱我 ', '05:14', '马旭东', 0, 0, '《如果不爱我 》'),
(23, '小生不才', '03:26', '李袁杰、李俊佑', 0, 0, '《小生不才》'),
(24, '一百万个可能', '03:55', 'Christine Welch', 2, 0, '《一百万个可能》'),
(25, '我已经爱上你', '05:54', '蒙面哥、彭清', 2, 0, '《我已经爱上你》'),
(26, '卡路里', '03:55', '火箭少女101', 2, 0, '《卡路里》'),
(27, '再见只是陌生人', '04:24', '庄心妍', 0, 0, '《再见只是陌生人》'),
(28, '体面', '03:44', '于文文', 2, 0, '《体面》'),
(29, '嘴巴嘟嘟 ', '03:29', '刘子璇', 2, 0, '《嘴巴嘟嘟 》'),
(30, '我眼里的一粒沙 ', '04:29', '冷漠', 3, 0, '《我眼里的一粒沙 》'),
(32, '英雄出征 ', '05:29', '洛天依', 3, 0, '《英雄出征 》'),
(33, '零默契拍档', '04:22', '宋梦君、夏婉安', 3, 0, '《零默契拍档》'),
(34, '靠自己', '04:26', '金久哲', 3, 0, '《靠自己》'),
(35, '会不会', '04:19', '白小白', 3, 0, '《会不会》'),
(37, '光年之外(Live)', '04:21', '摩登兄弟', 4, 0, '《光年之外》'),
(38, '卡布奇诺', '03:49', '曲肖冰', 4, 0, '《卡布奇诺》'),
(39, '盗将行', '05:01', '莫籽、Neko(4)', 4, 0, '《盗将行》'),
(40, '只是听说 ', '04:09', '高安', 4, 0, '《只是听说 》'),
(41, '风筝误', '03:29', '刘珂矣', 5, 0, '《风筝误》'),
(42, '红昭愿', '03:35', '音阙诗听', 5, 0, '《红昭愿》'),
(43, '不见有情', '03:59', '河图', 5, 0, '《不见有情》'),
(44, '是风动', '04:29', '河图、银临', 5, 0, '《是风动》'),
(45, '牵丝戏 ', '03:55', 'Aki阿杰、银临', 5, 0, '《牵丝戏 》'),
(46, '悟空', '04:49', '贰婶', 5, 0, '《悟空》'),
(47, '告白气球 ', '04:26', '周杰伦', 0, 0, '《周杰伦的床边故事》'),
(48, '稻香', '04:23', '周杰伦', 0, 0, '《周杰伦的床边故事》'),
(49, '青花瓷', '04:55', '周杰伦', 0, 0, '《周杰伦的床边故事》'),
(50, '简单爱', '04:23', '周杰伦', 0, 0, '《周杰伦的床边故事》'),
(51, '等你下课', '03:31', '周杰伦', 0, 0, '《周杰伦的床边故事》'),
(52, '晴天', '03:35', '周杰伦', 0, 0, '《周杰伦的床边故事》'),
(53, '七里香', '03:55', '周杰伦', 0, 0, '《周杰伦的床边故事》'),
(54, '夜曲', '04:39', '周杰伦', 0, 0, '《周杰伦的床边故事》'),
(55, 'The Wrong Things', '03:27', '王源', 0, 0, '《The Wrong Things》'),
(56, '做我自己 ', '03:29', '王源', 0, 0, '《做我自己 》'),
(57, '因为遇见你', '04:22', '王源', 0, 0, '《做我自己 》'),
(58, '明天过后', '05:09', '王源', 0, 0, '《做我自己 》'),
(59, '十七', '04:34', '王源', 0, 0, '《十七》'),
(60, '宝贝', '04:35', '王源', 0, 0, '《宝贝》'),
(61, '骄傲 ', '04:28', '王源', 0, 0, '《做我自己 》'),
(62, '长大以后的世界', '03:49', '王源', 0, 0, '《做我自己 》'),
(63, '树读', '04:39', '王俊凯', 0, 0, '《树读》'),
(64, '我在诛仙逍遥洞 ', '05:01', '王俊凯', 0, 0, '《我在诛仙逍遥洞 》'),
(65, '圆梦一代', '03:36', '王俊凯', 0, 0, '《树读》'),
(66, '明日歌 ', '04:39', '王俊凯', 0, 0, '《树读》'),
(67, '明天，你好 ', '04:19', '王俊凯', 0, 0, '《树读》'),
(68, '摩天轮的思念 ', '03:38', '王俊凯', 0, 0, '《树读》'),
(69, '宠爱', '04:19', '王俊凯', 0, 0, '《树读》'),
(70, '焕蓝未来', '04:34', '王俊凯', 0, 0, '《树读》'),
(71, '丹青千里', '04:25', '易烊千玺', 0, 0, '《丹青千里》'),
(72, '离骚', '05:04', '易烊千玺', 0, 0, '《离骚》'),
(73, 'Nothing To Lose ', '04:59', '易烊千玺', 0, 0, '《Nothing To Lose 》'),
(74, 'Unpredictable', '03:49', '易烊千玺', 0, 0, '《Unpredictable》'),
(75, '你说', '03:29', '易烊千玺', 0, 0, '《你说》'),
(76, '对不起', '04:39', '易烊千玺', 0, 0, '《你说》'),
(77, '生生', '03:37', '易烊千玺', 0, 0, '《你说》'),
(78, '飞驰与你', '05:25', '许嵩 ', 1, 0, '《飞驰与你》'),
(79, ' BINBIAN病变', '04:28', '程书林、鞠文娴', 1, 0, '《 BINBIAN病变》'),
(80, '作曲家', '04:27', '刘郡格', 1, 0, '《作曲家》'),
(81, '夜的第七章(Live)', '03:24', '宿涵 ', 1, 0, '《夜的第七章(Live)》'),
(82, '尼古拉斯狂想曲(Live)', '04:29', '打包安琪', 1, 0, '《尼古拉斯狂想曲》'),
(83, '叶雪', '04:37', '简弘亦', 1, 0, '《叶雪》'),
(84, '终于了解自由(Live)', '04:16', '周兴哲、伍嘉成', 1, 0, '《终于了解自由》'),
(85, '我们(Live)', '04:35', '孙楠', 1, 0, '《我们》'),
(86, '永不失联的爱', '04:36', '周兴哲、伍嘉成', 1, 0, '《永不失联的爱》'),
(87, '错乱', '04:36', '6诗人', 1, 0, '《错乱》'),
(88, '为何你要背叛我【再创世纪电视剧插曲】', '04:02', '吴若希', 1, 0, '《为何你要背叛我》'),
(89, 'WHY', '03:05', '周洁琼', 1, 0, '《WHY》'),
(90, ' 半首歌(正式版)', '03:21', '王蓉', 1, 0, '《 半首歌》'),
(91, '寸缕', '04:06', '河图', 1, 0, '《寸缕》'),
(92, ' 倾尽天下', '04:55', '河图', 1, 0, '《 倾尽天下》'),
(93, '你终究不爱这世界(Live)', '04:01', '蔡维泽', 2, 0, '《你终究不爱这世界》'),
(94, ' 拥抱你离去', '03:26', '张北北', 2, 0, '《 拥抱你离去》'),
(95, '说散就散', '03:51', '袁娅维', 2, 0, '《说散就散》'),
(96, ' 陷阱', '04:29', '王北车', 2, 0, '《 陷阱》'),
(97, '一曲红尘', '03:40', '艾歌', 2, 0, '《一曲红尘》'),
(98, '隔壁泰山', '03:22', '阿里郎', 2, 0, '《隔壁泰山》'),
(99, '空空如也', '04:42', '胡66', 2, 0, '《空空如也》'),
(100, '去年夏天', '04:35', '王大毛', 2, 0, '《去年夏天》'),
(101, ' 广东爱情故事', '04:45', '广东雨神', 2, 0, '《 广东爱情故事》'),
(102, '让我做你的眼睛', '03:26', '杨凯莉', 2, 0, '《让我做你的眼睛》'),
(103, '宝贝', '04:35', '易烊千玺', 0, 0, '《树读》');

-- --------------------------------------------------------

--
-- 表的结构 `kg_user`
--

CREATE TABLE `kg_user` (
  `uid` int(11) NOT NULL AUTO_INCREMENT PRIMARY KEY,
  `uname` varchar(32) CHARACTER SET utf8 DEFAULT NULL,
  `upwd` varchar(32) CHARACTER SET utf8 DEFAULT NULL,
  `sex` varchar(8) CHARACTER SET utf8 DEFAULT NULL
) ENGINE=InnoDB DEFAULT CHARSET=utf8mb4;

--
-- 转存表中的数据 `kg_user`
--

INSERT INTO `kg_user` (`uid`, `uname`, `upwd`, `sex`) VALUES
(0, 'bai', '123456', '1'),
(1, 'anye', '123456', '0'),
(2, 'dangdang', '123456', '1'),
(3, 'doudou', '123456', '1'),
(4, 'yaya', '123456', '0'),
(5, '11111', '123456', '0');

--
-- Indexes for dumped tables
--

--
-- Indexes for table `kg_classify`
--
ALTER TABLE `kg_classify`
  ADD PRIMARY KEY (`yid`);

--
-- Indexes for table `kg_country`
--
ALTER TABLE `kg_country`
  ADD PRIMARY KEY (`cid`);

--
-- Indexes for table `kg_form`
--
ALTER TABLE `kg_form`
  ADD PRIMARY KEY (`fid`);

--
-- Indexes for table `kg_songlist`
--
ALTER TABLE `kg_songlist`
  ADD PRIMARY KEY (`lid`);

--
-- Indexes for table `kg_user`
--
ALTER TABLE `kg_user`
  ADD PRIMARY KEY (`uid`);
COMMIT;

/*!40101 SET CHARACTER_SET_CLIENT=@OLD_CHARACTER_SET_CLIENT */;
/*!40101 SET CHARACTER_SET_RESULTS=@OLD_CHARACTER_SET_RESULTS */;
/*!40101 SET COLLATION_CONNECTION=@OLD_COLLATION_CONNECTION */;
